City_ID,City,Country,Date,Lat,Lng,Max Temp,Humidity,Cloudiness,Wind Speed,Weather Desc,Rain/Inches,Snow
0,Kaitangata,NZ,2020-04-20 04:25:43,-46.28,169.85,61.0,43,79,8.01,broken clouds,0.0,0.0
1,Marawi,PH,2020-04-20 04:25:44,8.0,124.29,82.49,56,97,2.48,light rain,0.81,0.0
2,Mar Del Plata,AR,2020-04-20 04:25:44,-38.0,-57.56,62.01,93,98,4.92,overcast clouds,0.0,0.0
3,Chokurdakh,RU,2020-04-20 04:22:18,70.63,147.92,9.68,95,92,11.48,overcast clouds,0.0,0.0
4,Tandil,AR,2020-04-20 04:25:44,-37.32,-59.13,57.0,90,93,2.37,overcast clouds,0.0,0.0
5,Arraial Do Cabo,BR,2020-04-20 04:25:45,-22.97,-42.03,72.48,73,75,2.57,broken clouds,0.0,0.0
6,Mamallapuram,IN,2020-04-20 04:25:45,12.63,80.17,89.6,66,40,6.93,scattered clouds,0.0,0.0
7,Kavieng,PG,2020-04-20 04:25:45,-2.57,150.8,84.33,73,30,5.17,light rain,0.43,0.0
8,Whitehorse,CA,2020-04-20 04:22:29,60.72,-135.05,51.8,43,75,10.29,broken clouds,0.0,0.0
9,Hilo,US,2020-04-20 04:22:20,19.73,-155.09,75.2,64,40,5.82,scattered clouds,0.0,0.0
10,Kirakira,SB,2020-04-20 04:25:46,-10.45,161.92,83.61,76,48,0.78,moderate rain,5.36,0.0
11,Norman Wells,CA,2020-04-20 04:25:46,65.28,-126.83,28.4,86,90,2.24,light snow,0.0,0.0
12,Rikitea,PF,2020-04-20 04:25:46,-23.12,-134.97,76.84,71,93,6.76,overcast clouds,0.0,0.0
13,Fairbanks,US,2020-04-20 04:25:46,64.84,-147.72,42.01,100,90,6.42,light rain,0.0,0.0
14,Ushuaia,AR,2020-04-20 04:25:47,-54.8,-68.3,39.2,86,90,25.28,shower rain,0.0,0.0
15,Pascagoula,US,2020-04-20 04:25:47,30.37,-88.56,73.4,88,90,11.41,thunderstorm with rain,0.0,0.0
16,Iqaluit,CA,2020-04-20 04:25:48,63.75,-68.51,-7.01,69,5,3.18,clear sky,0.0,0.0
17,Qaanaaq,GL,2020-04-20 04:25:48,77.48,-69.36,9.43,82,39,11.48,scattered clouds,0.0,0.0
18,Vengerovo,RU,2020-04-20 04:25:48,55.68,76.75,52.48,76,22,4.79,few clouds,0.0,0.0
19,Barrow,US,2020-04-20 04:25:14,71.29,-156.79,10.4,85,90,5.82,overcast clouds,0.0,0.0
20,Yellowknife,CA,2020-04-20 04:25:48,62.46,-114.35,14.0,66,75,5.82,broken clouds,0.0,0.0
21,Dinghai,CN,2020-04-20 04:25:49,26.28,119.79,68.0,68,90,11.18,overcast clouds,0.0,0.0
22,Dalby,AU,2020-04-20 04:25:49,-27.18,151.27,78.8,24,14,10.29,few clouds,0.0,0.0
23,Mahebourg,MU,2020-04-20 04:25:49,-20.41,57.7,75.2,88,40,11.41,shower rain,0.0,0.0
24,Kapaa,US,2020-04-20 04:25:50,22.08,-159.32,78.8,65,75,10.29,broken clouds,0.0,0.0
25,Ponta Do Sol,PT,2020-04-20 04:24:57,32.67,-17.1,62.01,75,9,11.99,clear sky,0.0,0.0
26,Jalu,LY,2020-04-20 04:23:50,29.03,21.55,69.19,26,66,8.86,broken clouds,0.0,0.0
27,Puerto Ayora,EC,2020-04-20 04:25:50,-0.74,-90.35,80.01,87,50,5.99,scattered clouds,0.0,0.0
28,Khatanga,RU,2020-04-20 04:24:06,71.97,102.5,31.03,95,61,5.66,broken clouds,0.0,0.0
29,Eyl,SO,2020-04-20 04:25:51,7.98,49.82,83.28,72,98,6.33,overcast clouds,0.0,0.0
30,Cape Town,ZA,2020-04-20 04:25:51,-33.93,18.42,63.0,77,75,14.99,broken clouds,0.0,0.0
31,Kuusamo,FI,2020-04-20 04:25:51,65.97,29.18,35.6,93,20,2.24,few clouds,0.0,0.0
32,Acarau,BR,2020-04-20 04:21:46,-2.89,-40.12,76.5,88,33,1.7,scattered clouds,0.0,0.0
33,Vaini,TO,2020-04-20 04:25:52,-21.2,-175.2,82.4,74,75,8.05,broken clouds,0.0,0.0
34,Te Anau,NZ,2020-04-20 04:25:52,-45.42,167.72,53.29,54,23,7.65,light rain,0.11,0.0
35,Atuona,PF,2020-04-20 04:25:52,-9.8,-139.03,82.72,75,45,12.82,scattered clouds,0.0,0.0
36,Rypefjord,NO,2020-04-20 04:25:53,70.63,23.67,39.2,82,40,41.38,scattered clouds,0.0,0.0
37,Kaseda,JP,2020-04-20 04:25:53,31.42,130.32,66.2,63,75,17.22,broken clouds,0.0,0.0
38,Busselton,AU,2020-04-20 04:25:32,-33.65,115.33,68.0,68,95,8.01,light rain,0.13,0.0
39,Punta Arenas,CL,2020-04-20 04:24:06,-53.15,-70.92,42.8,75,40,28.86,scattered clouds,0.0,0.0
40,Jamestown,US,2020-04-20 04:25:14,42.1,-79.24,39.0,74,90,10.29,overcast clouds,0.0,0.0
41,Nador,MA,2020-04-20 04:25:54,35.17,-2.93,62.6,67,0,17.22,clear sky,0.0,0.0
42,Saskylakh,RU,2020-04-20 04:25:54,71.92,114.08,22.86,95,17,2.73,few clouds,0.0,0.0
43,Porto Novo,BJ,2020-04-20 04:25:54,6.5,2.6,80.87,78,100,5.35,overcast clouds,0.0,0.0
44,Mizan Teferi,ET,2020-04-20 04:25:55,6.98,35.58,62.8,49,100,2.86,overcast clouds,0.0,0.0
45,Ribeira Grande,PT,2020-04-20 04:25:37,38.52,-28.7,56.26,58,2,7.27,clear sky,0.0,0.0
46,Pangkalanbuun,ID,2020-04-20 04:25:55,-2.68,111.62,89.55,55,37,3.94,scattered clouds,0.0,0.0
47,Saldanha,ZA,2020-04-20 04:22:29,-33.01,17.94,59.0,82,92,11.41,overcast clouds,0.0,0.0
48,Podlesnoye,RU,2020-04-20 04:25:56,51.82,47.01,41.2,70,36,3.2,scattered clouds,0.0,0.0
49,Quelimane,MZ,2020-04-20 04:23:18,-17.88,36.89,73.4,83,75,6.93,broken clouds,0.0,0.0
50,Tucuman,AR,2020-04-20 04:23:00,-26.82,-65.22,64.4,82,0,5.82,clear sky,0.0,0.0
51,Albany,US,2020-04-20 04:22:22,42.6,-73.97,50.0,73,94,1.01,light rain,1.98,0.0
52,Haines Junction,CA,2020-04-20 04:22:57,60.75,-137.51,43.29,58,74,8.57,broken clouds,0.0,0.0
53,Namatanai,PG,2020-04-20 04:25:57,-3.67,152.43,84.02,73,96,5.97,overcast clouds,0.0,0.0
54,Chiredzi,ZW,2020-04-20 04:25:57,-21.05,31.67,59.79,83,0,1.52,clear sky,0.0,0.0
55,Ahipara,NZ,2020-04-20 04:23:34,-35.17,173.17,64.58,90,100,5.86,moderate rain,4.35,0.0
56,Makakilo City,US,2020-04-20 04:24:10,21.35,-158.09,80.6,61,1,6.93,clear sky,0.0,0.0
57,Iskateley,RU,2020-04-20 04:25:57,67.68,53.15,30.67,98,95,6.85,overcast clouds,0.0,0.0
58,Sitka,US,2020-04-20 04:25:58,57.05,-135.33,44.6,81,90,3.36,overcast clouds,0.0,0.0
59,Honiara,SB,2020-04-20 04:25:58,-9.43,159.95,89.6,70,40,6.93,light thunderstorm,0.0,0.0
60,Shenjiamen,CN,2020-04-20 04:25:58,29.96,122.3,58.41,74,10,5.14,clear sky,0.0,0.0
61,Port Elizabeth,ZA,2020-04-20 04:22:09,-33.92,25.57,69.8,49,0,12.75,clear sky,0.0,0.0
62,Dandong,CN,2020-04-20 04:25:59,40.13,124.39,47.82,72,96,16.35,light rain,3.0,0.0
63,Hornepayne,CA,2020-04-20 04:25:59,49.21,-84.77,17.22,94,36,6.35,scattered clouds,0.0,0.0
64,Alofi,NU,2020-04-20 04:25:59,-19.06,-169.92,78.8,88,2,10.29,light rain,0.35,0.0
65,Provideniya,RU,2020-04-20 04:25:59,64.38,-173.3,22.59,95,100,13.62,light snow,0.0,0.36
66,Hofn,IS,2020-04-20 04:25:59,64.25,-15.21,44.28,86,99,8.84,overcast clouds,0.0,0.0
67,Vila Franca Do Campo,PT,2020-04-20 04:25:55,37.72,-25.43,53.6,66,20,9.17,few clouds,0.0,0.0
68,Naze,JP,2020-04-20 04:26:00,28.37,129.48,73.4,64,40,12.75,scattered clouds,0.0,0.0
69,Qaqortoq,GL,2020-04-20 04:26:00,60.72,-46.03,23.0,49,3,4.7,clear sky,0.0,0.0
70,Koumac,NC,2020-04-20 04:26:00,-20.57,164.28,80.96,76,100,8.88,light rain,2.67,0.0
71,Orlik,RU,2020-04-20 04:26:01,52.52,99.83,29.26,46,0,3.44,clear sky,0.0,0.0
72,Sioux Lookout,CA,2020-04-20 04:26:01,50.1,-91.92,35.6,55,90,14.99,light snow,0.0,0.0
73,Iquique,CL,2020-04-20 04:22:02,-20.22,-70.14,66.2,63,25,5.82,scattered clouds,0.0,0.0
74,Pacific Grove,US,2020-04-20 04:26:02,36.62,-121.92,57.2,71,90,3.36,overcast clouds,0.0,0.0
75,Urumqi,CN,2020-04-20 04:26:02,43.8,87.6,66.2,32,34,8.95,scattered clouds,0.0,0.0
76,Nikolayevsk-Na-Amure,RU,2020-04-20 04:21:48,53.14,140.73,32.85,94,100,6.51,light snow,0.0,0.67
77,Mataura,NZ,2020-04-20 04:22:03,-46.19,168.86,55.99,74,90,8.01,overcast clouds,0.0,0.0
78,Arusha,TZ,2020-04-20 04:26:02,-3.37,36.68,66.2,100,75,0.85,light rain,0.0,0.0
79,Kodiak,US,2020-04-20 04:26:03,57.79,-152.41,44.6,81,90,13.87,overcast clouds,0.0,0.0
80,Qui Nhon,VN,2020-04-20 04:26:03,13.77,109.23,87.44,56,73,5.12,broken clouds,0.0,0.0
81,Yucca Valley,US,2020-04-20 04:22:17,34.11,-116.43,55.99,51,10,5.01,clear sky,0.0,0.0
82,Roald,NO,2020-04-20 04:26:04,62.58,6.13,39.2,93,0,9.17,clear sky,0.0,0.0
83,Hobart,AU,2020-04-20 04:26:04,-42.88,147.33,62.01,51,75,28.86,light intensity shower rain,0.0,0.0
84,Bredasdorp,ZA,2020-04-20 04:26:04,-34.53,20.04,57.2,87,0,2.24,clear sky,0.0,0.0
85,Meadow Lake,US,2020-04-20 04:26:05,34.8,-106.54,60.8,21,75,8.05,broken clouds,0.0,0.0
86,Bima,ID,2020-04-20 04:26:05,-8.47,118.72,89.44,57,26,2.66,scattered clouds,0.0,0.0
87,Tazovskiy,RU,2020-04-20 04:22:16,67.47,78.7,33.84,98,92,9.82,overcast clouds,0.0,0.0
88,Taizhou,CN,2020-04-20 04:26:05,32.49,119.91,72.0,55,47,9.55,scattered clouds,0.0,0.0
89,Atherton,GB,2020-04-20 04:23:26,53.52,-2.49,44.01,82,0,5.99,clear sky,0.0,0.0
90,New Norfolk,AU,2020-04-20 04:22:08,-42.78,147.06,62.01,73,98,7.0,light rain,1.35,0.0
91,Los Rastrojos,VE,2020-04-20 04:26:06,10.03,-69.24,73.92,68,90,5.23,overcast clouds,0.0,0.0
92,Hermanus,ZA,2020-04-20 04:22:00,-34.42,19.23,60.01,93,9,1.99,clear sky,0.0,0.0
93,Vidim,RU,2020-04-20 04:26:07,56.41,103.11,32.25,64,0,6.17,clear sky,0.0,0.0
94,Bluff,NZ,2020-04-20 04:26:07,-46.6,168.33,55.99,74,70,8.01,light rain,0.23,0.0
95,Mpongwe,ZM,2020-04-20 04:26:07,-13.51,28.16,57.15,67,0,4.21,clear sky,0.0,0.0
96,Aktash,RU,2020-04-20 04:26:07,50.3,87.73,38.07,30,0,1.34,clear sky,0.0,0.0
97,Camopi,GF,2020-04-20 04:26:08,3.17,-52.32,73.71,94,100,2.62,moderate rain,3.43,0.0
98,Montepuez,MZ,2020-04-20 04:26:08,-13.13,39.0,64.9,85,69,7.49,broken clouds,0.0,0.0
99,Cherskiy,RU,2020-04-20 04:26:08,68.75,161.3,12.81,94,100,8.32,light snow,0.0,0.13
100,Kumluca,TR,2020-04-20 04:26:08,36.37,30.29,62.37,60,13,3.31,few clouds,0.0,0.0
101,Avarua,CK,2020-04-20 04:25:54,-21.21,-159.78,80.6,74,3,9.17,clear sky,0.0,0.0
102,Vao,NC,2020-04-20 04:26:09,-22.67,167.48,73.98,91,100,14.85,heavy intensity rain,13.27,0.0
103,Port Alfred,ZA,2020-04-20 04:26:09,-33.59,26.89,69.01,65,0,5.61,clear sky,0.0,0.0
104,Sudak,UA,2020-04-20 04:26:09,44.85,34.97,50.32,75,100,1.39,light rain,0.74,0.0
105,Bethel,US,2020-04-20 04:26:10,41.37,-73.41,53.6,40,90,8.05,overcast clouds,0.0,0.0
106,Auki,SB,2020-04-20 04:26:10,-8.77,160.7,83.88,74,43,5.37,light rain,1.44,0.0
107,Cururupu,BR,2020-04-20 04:26:10,-1.83,-44.87,77.18,90,25,4.0,scattered clouds,0.0,0.0
108,Kamaishi,JP,2020-04-20 04:26:10,39.27,141.88,50.0,93,75,4.7,moderate rain,0.0,0.0
109,Beira,MZ,2020-04-20 04:26:10,-19.84,34.84,71.6,88,40,9.17,scattered clouds,0.0,0.0
110,Codrington,AU,2020-04-20 04:22:58,-38.27,141.97,61.39,54,19,21.23,few clouds,0.0,0.0
111,Lagoa,PT,2020-04-20 04:26:11,39.05,-27.98,56.79,60,0,13.04,clear sky,0.0,0.0
112,Guerrero Negro,MX,2020-04-20 04:26:11,27.98,-114.06,60.48,78,99,19.82,overcast clouds,0.0,0.0
113,Sola,VU,2020-04-20 04:26:11,-13.88,167.55,89.6,75,40,5.82,scattered clouds,0.0,0.0
114,Castro,BR,2020-04-20 04:26:11,-24.79,-50.01,56.52,70,49,5.79,scattered clouds,0.0,0.0
115,Souillac,MU,2020-04-20 04:25:39,-20.52,57.52,75.2,88,40,11.41,shower rain,0.0,0.0
116,Berbera,SO,2020-04-20 04:23:04,10.44,45.01,83.59,75,70,8.46,broken clouds,0.0,0.0
117,Yegorlykskaya,RU,2020-04-20 04:26:12,46.57,40.66,48.9,86,100,2.04,light rain,0.29,0.0
118,Tabuk,PH,2020-04-20 04:26:12,17.42,121.44,87.73,60,99,5.95,overcast clouds,0.0,0.0
119,Leningradskiy,RU,2020-04-20 04:26:13,69.38,178.42,14.41,93,95,10.16,overcast clouds,0.0,0.0
120,Mayo,US,2020-04-20 04:26:13,38.89,-76.51,55.0,87,1,3.36,clear sky,0.0,0.0
121,Sao Felix Do Xingu,BR,2020-04-20 04:26:13,-6.64,-51.99,72.03,90,95,0.51,light rain,2.27,0.0
122,Necochea,AR,2020-04-20 04:23:47,-38.55,-58.74,58.95,77,95,4.83,overcast clouds,0.0,0.0
123,Dikson,RU,2020-04-20 04:26:14,73.51,80.55,33.6,94,86,17.05,overcast clouds,0.0,0.0
124,Jumla,NP,2020-04-20 04:26:14,29.27,82.18,55.0,23,60,1.57,light rain,0.17,0.0
125,San Policarpo,PH,2020-04-20 04:26:14,12.18,125.51,83.21,83,59,13.0,light rain,2.28,0.0
126,Touros,BR,2020-04-20 04:23:30,-5.2,-35.46,75.2,100,40,2.24,scattered clouds,0.0,0.0
127,Tiksi,RU,2020-04-20 04:26:15,71.69,128.87,18.86,92,100,6.04,overcast clouds,0.0,0.0
128,Muros,ES,2020-04-20 04:26:15,42.78,-9.06,51.01,94,99,3.15,overcast clouds,0.0,0.0
129,Turtas,RU,2020-04-20 04:23:22,58.94,69.13,44.47,62,0,5.39,clear sky,0.0,0.0
130,Clyde River,CA,2020-04-20 04:26:15,70.47,-68.59,-11.2,69,1,4.7,clear sky,0.0,0.0
131,Butaritari,KI,2020-04-20 04:26:16,3.07,172.79,83.77,70,26,7.83,light rain,1.01,0.0
132,Salalah,OM,2020-04-20 04:26:16,17.02,54.09,82.4,69,20,4.7,few clouds,0.0,0.0
133,Bengkulu,ID,2020-04-20 04:22:55,-3.8,102.27,86.95,62,60,2.71,broken clouds,0.0,0.0
134,Tanout,NE,2020-04-20 04:26:16,14.97,8.89,74.62,15,83,2.75,broken clouds,0.0,0.0
135,Vestmannaeyjar,IS,2020-04-20 04:22:28,63.44,-20.27,46.22,94,100,27.13,light rain,0.17,0.0
136,Georgetown,MY,2020-04-20 04:26:17,5.41,100.34,93.2,74,20,5.82,few clouds,0.0,0.0
137,Port Hardy,CA,2020-04-20 04:26:17,50.7,-127.42,50.0,81,75,8.05,broken clouds,0.0,0.0
138,Alihe,CN,2020-04-20 04:26:17,50.57,123.72,24.91,84,100,13.8,light snow,0.0,0.47
139,Bathsheba,BB,2020-04-20 04:26:18,13.22,-59.52,78.8,74,20,14.99,few clouds,0.0,0.0
140,Tasiilaq,GL,2020-04-20 04:26:18,65.61,-37.64,32.0,90,100,6.93,overcast clouds,0.0,0.0
141,Padang,ID,2020-04-20 04:26:18,-0.95,100.35,88.18,60,3,1.83,light rain,0.22,0.0
142,Brod,BA,2020-04-20 04:26:19,45.14,17.99,51.8,62,100,3.36,light rain,0.22,0.0
143,Dodge City,US,2020-04-20 04:24:56,37.75,-100.02,51.8,87,1,10.29,clear sky,0.0,0.0
144,Tautira,PF,2020-04-20 04:26:19,-17.73,-149.15,86.0,62,65,2.24,light rain,0.47,0.0
145,Tuktoyaktuk,CA,2020-04-20 04:26:20,69.45,-133.04,8.6,84,90,4.7,light snow,0.0,0.0
146,Airai,TL,2020-04-20 04:26:20,-8.93,125.41,72.95,43,32,3.47,scattered clouds,0.0,0.0
147,Bonfim,BR,2020-04-20 04:26:20,3.08,-59.95,82.98,60,99,5.48,light rain,0.99,0.0
148,Juxtlahuaca,MX,2020-04-20 04:26:20,17.43,-99.15,69.24,56,18,5.44,few clouds,0.0,0.0
149,Laguna,US,2020-04-20 04:26:21,38.42,-121.42,60.01,67,1,5.82,clear sky,0.0,0.0
150,Artyom,AZ,2020-04-20 04:26:21,40.47,50.33,51.8,93,75,6.93,mist,0.0,0.0
151,Tougue,GN,2020-04-20 04:26:22,11.47,-11.6,79.3,30,72,2.08,broken clouds,0.0,0.0
152,Ostrovnoy,RU,2020-04-20 04:26:22,68.05,39.51,24.48,97,46,6.55,scattered clouds,0.0,0.0
153,Sayansk,RU,2020-04-20 04:21:23,54.11,102.16,34.72,52,0,4.23,clear sky,0.0,0.0
154,Kurchum,KZ,2020-04-20 04:26:23,48.57,83.65,53.08,37,0,6.42,clear sky,0.0,0.0
155,Sangar,RU,2020-04-20 04:26:23,63.92,127.47,24.15,80,0,1.88,clear sky,0.0,0.0
156,Chicama,PE,2020-04-20 04:26:23,-7.84,-79.15,73.51,70,7,6.55,clear sky,0.0,0.0
157,Tessalit,ML,2020-04-20 04:22:19,20.2,1.01,78.04,33,0,8.21,clear sky,0.0,0.0
158,Guiratinga,BR,2020-04-20 04:26:23,-16.35,-53.76,70.38,82,61,1.86,light rain,0.52,0.0
159,Ahuimanu,US,2020-04-20 04:26:24,21.44,-157.84,82.4,54,75,5.82,broken clouds,0.0,0.0
160,Sulangan,PH,2020-04-20 04:26:24,11.14,123.72,85.23,72,96,9.55,light rain,0.38,0.0
161,Guayaramerin,BO,2020-04-20 04:26:24,-10.84,-65.36,73.56,82,81,2.19,broken clouds,0.0,0.0
162,Meulaboh,ID,2020-04-20 04:26:24,4.14,96.13,86.14,68,3,2.1,clear sky,0.0,0.0
163,Torbay,CA,2020-04-20 04:23:08,47.67,-52.73,35.6,100,90,24.16,light intensity drizzle,0.0,0.0
164,Buchanan,LR,2020-04-20 04:26:25,5.88,-10.05,78.8,94,40,2.57,scattered clouds,0.0,0.0
165,Ankang,CN,2020-04-20 04:26:25,32.68,109.02,54.0,34,100,5.99,light rain,1.54,0.0
166,Bilibino,RU,2020-04-20 04:26:25,68.05,166.44,11.16,84,14,4.5,few clouds,0.0,0.0
167,Camana,PE,2020-04-20 04:26:26,-16.62,-72.71,69.78,72,17,5.39,few clouds,0.0,0.0
168,East London,ZA,2020-04-20 04:22:29,-33.02,27.91,84.2,45,0,11.41,clear sky,0.0,0.0
169,Ornes,NO,2020-04-20 04:26:26,66.87,13.71,41.0,100,75,19.46,light intensity drizzle,0.0,0.0
170,Karratha,AU,2020-04-20 04:26:27,-20.74,116.85,87.69,51,95,9.84,overcast clouds,0.0,0.0
171,San Vicente,AR,2020-04-20 04:26:27,-26.62,-54.13,57.74,67,0,2.42,clear sky,0.0,0.0
172,Seoul,KR,2020-04-20 04:23:40,37.57,126.98,55.4,76,90,4.7,light rain,0.0,0.0
173,Yaan,NG,2020-04-20 04:26:27,7.38,8.57,78.08,73,100,7.58,overcast clouds,0.0,0.0
174,Brigantine,US,2020-04-20 04:26:28,39.41,-74.36,53.6,71,1,10.51,clear sky,0.0,0.0
175,Carnarvon,AU,2020-04-20 04:22:20,-24.87,113.63,78.8,61,53,19.46,broken clouds,0.0,0.0
176,Namibe,AO,2020-04-20 04:26:28,-15.2,12.15,74.39,73,74,1.28,light rain,1.97,0.0
177,Lashio,MM,2020-04-20 04:26:29,22.93,97.75,90.66,21,0,1.34,clear sky,0.0,0.0
178,Prescott,US,2020-04-20 04:26:29,34.54,-112.47,55.0,28,1,3.36,clear sky,0.0,0.0
179,Caravelas,BR,2020-04-20 04:23:09,-17.71,-39.25,74.89,78,15,13.18,few clouds,0.0,0.0
180,Hithadhoo,MV,2020-04-20 04:24:42,-0.6,73.08,84.88,76,100,11.5,overcast clouds,0.0,0.0
181,La Ronge,CA,2020-04-20 04:23:04,55.1,-105.28,33.8,50,75,11.41,broken clouds,0.0,0.0
182,Cap Malheureux,MU,2020-04-20 04:26:30,-19.98,57.61,75.2,88,40,11.41,shower rain,0.0,0.0
183,Casper,US,2020-04-20 04:26:30,42.87,-106.31,39.0,80,1,3.36,clear sky,0.0,0.0
184,Lompoc,US,2020-04-20 04:26:30,34.64,-120.46,53.6,76,1,3.36,clear sky,0.0,0.0
185,Cartagena,CO,2020-04-20 04:26:30,10.4,-75.51,80.8,80,100,8.75,overcast clouds,0.0,0.0
186,Chapais,CA,2020-04-20 04:26:31,49.78,-74.85,6.8,71,1,8.05,clear sky,0.0,0.0
187,Teya,RU,2020-04-20 04:26:31,60.38,92.63,38.68,63,97,7.85,overcast clouds,0.0,0.0
188,Richards Bay,ZA,2020-04-20 04:26:32,-28.78,32.04,66.87,80,0,8.88,clear sky,0.0,0.0
189,Biak,ID,2020-04-20 04:26:32,-0.91,122.88,84.06,68,91,4.7,light rain,1.78,0.0
190,San Patricio,MX,2020-04-20 04:26:32,19.22,-104.7,74.21,77,0,10.47,clear sky,0.0,0.0
191,Duba-Yurt,RU,2020-04-20 04:26:32,43.04,45.73,48.2,87,1,2.24,clear sky,0.0,0.0
192,Hami,CN,2020-04-20 04:26:33,42.8,93.45,65.8,14,89,10.58,overcast clouds,0.0,0.0
193,Puranpur,IN,2020-04-20 04:26:33,28.52,80.15,86.72,25,61,3.49,broken clouds,0.0,0.0
194,Nacala,MZ,2020-04-20 04:26:33,-14.54,40.67,74.05,89,64,12.28,broken clouds,0.0,0.0
195,Tulum,MX,2020-04-20 04:26:33,20.22,-87.47,81.0,90,23,1.99,few clouds,0.0,0.0
196,Talnakh,RU,2020-04-20 04:26:34,69.49,88.4,37.4,69,99,29.08,overcast clouds,0.0,0.0
197,Strezhevoy,RU,2020-04-20 04:26:34,60.73,77.59,39.2,100,90,4.47,fog,0.0,0.0
198,Ketchikan,US,2020-04-20 04:26:34,55.34,-131.65,46.4,87,90,11.41,overcast clouds,0.0,0.0
199,Andenes,NO,2020-04-20 04:26:34,69.31,16.12,42.01,86,99,18.34,light rain,0.11,0.0
200,Mandeville,JM,2020-04-20 04:25:15,18.04,-77.51,80.6,78,20,2.24,few clouds,0.0,0.0
201,Chuy,UY,2020-04-20 04:26:35,-33.7,-53.46,64.47,85,0,9.71,clear sky,0.0,0.0
202,Dawei,MM,2020-04-20 04:26:35,14.08,98.2,89.01,49,0,2.51,clear sky,0.0,0.0
203,Kota Kinabalu,MY,2020-04-20 04:26:35,5.97,116.07,91.4,75,20,4.7,few clouds,0.0,0.0
204,Verkhnyaya Inta,RU,2020-04-20 04:26:36,65.98,60.31,34.02,94,100,8.34,light snow,0.0,0.27
205,Ler,SS,2020-04-20 04:26:36,8.3,30.14,78.01,62,100,5.1,overcast clouds,0.0,0.0
206,Berdigestyakh,RU,2020-04-20 04:26:36,62.1,126.7,24.33,85,57,3.42,broken clouds,0.0,0.0
207,Buala,SB,2020-04-20 04:26:36,-8.14,159.59,84.38,75,34,7.43,light rain,2.04,0.0
208,Broken Hill,AU,2020-04-20 04:26:37,-31.95,141.43,73.4,27,100,9.17,overcast clouds,0.0,0.0
209,Pochutla,MX,2020-04-20 04:26:37,15.74,-96.47,81.0,82,3,3.38,clear sky,0.0,0.0
210,Oskarshamn,SE,2020-04-20 04:26:37,57.26,16.45,44.01,60,14,3.36,few clouds,0.0,0.0
211,Tsaratanana,MG,2020-04-20 04:26:38,-16.78,47.65,70.03,63,34,9.57,scattered clouds,0.0,0.0
212,Sandwich,US,2020-04-20 04:26:38,41.65,-88.62,39.99,69,1,6.76,clear sky,0.0,0.0
213,Esperance,AU,2020-04-20 04:26:38,-33.87,121.9,68.0,49,40,19.46,scattered clouds,0.0,0.0
214,Wilmington,US,2020-04-20 04:23:01,34.23,-77.94,63.0,93,75,6.67,broken clouds,0.0,0.0
215,Phan Thiet,VN,2020-04-20 04:21:53,10.93,108.1,89.42,49,0,7.72,clear sky,0.0,0.0
216,Alta,NO,2020-04-20 04:26:39,69.97,23.27,42.8,60,68,20.8,light rain,0.29,0.0
217,Lac-Megantic,CA,2020-04-20 04:26:39,45.58,-70.88,41.0,100,100,10.0,light rain,1.06,0.0
218,Lorengau,PG,2020-04-20 04:26:40,-2.02,147.27,84.49,74,33,6.35,light rain,0.66,0.0
219,Blackpool,GB,2020-04-20 04:24:43,53.82,-3.05,43.0,87,0,5.99,clear sky,0.0,0.0
220,Baruun-Urt,MN,2020-04-20 04:26:40,46.68,113.28,26.13,64,92,15.68,light snow,0.0,0.39
221,Zhangye,CN,2020-04-20 04:26:40,38.93,100.45,54.03,20,93,4.61,overcast clouds,0.0,0.0
222,Saint Simons,US,2020-04-20 04:26:41,31.14,-81.39,69.8,88,20,9.17,few clouds,0.0,0.0
223,Xuddur,SO,2020-04-20 04:26:41,4.12,43.89,75.97,69,100,5.44,light rain,1.72,0.0
224,Jinxiang,CN,2020-04-20 04:26:41,22.86,115.7,84.0,75,30,3.0,scattered clouds,0.0,0.0
225,Moose Factory,CA,2020-04-20 04:26:41,51.26,-80.61,6.8,77,1,6.93,clear sky,0.0,0.0
226,Longyearbyen,SJ,2020-04-20 04:23:15,78.22,15.64,23.0,85,75,29.97,shower rain,0.0,0.0
227,Waingapu,ID,2020-04-20 04:26:42,-9.66,120.26,85.71,62,58,4.74,broken clouds,0.0,0.0
228,College,US,2020-04-20 04:23:22,64.86,-147.8,42.01,93,90,4.7,light rain,0.0,0.0
229,Vostok,RU,2020-04-20 04:26:42,46.49,135.88,47.57,39,100,9.64,overcast clouds,0.0,0.0
230,Usinsk,RU,2020-04-20 04:26:42,65.99,57.53,33.53,96,100,9.73,overcast clouds,0.0,0.0
231,Gushikawa,JP,2020-04-20 04:26:43,26.35,127.87,69.8,77,75,10.29,light rain,0.0,0.0
232,Bakchar,RU,2020-04-20 04:26:43,57.02,82.07,53.11,56,76,3.83,broken clouds,0.0,0.0
233,Baghmara,IN,2020-04-20 04:22:53,23.8,86.21,94.78,21,52,8.01,broken clouds,0.0,0.0
234,Weihe,CN,2020-04-20 04:26:43,33.0,105.32,57.06,39,100,4.83,light rain,0.36,0.0
235,Faanui,PF,2020-04-20 04:26:43,-16.48,-151.75,82.24,77,81,19.19,light rain,1.2,0.0
236,Guaruja,BR,2020-04-20 04:26:44,-23.99,-46.26,71.01,82,75,6.93,broken clouds,0.0,0.0
237,Umea,SE,2020-04-20 04:26:44,63.83,20.26,39.0,85,78,8.05,broken clouds,0.0,0.0
238,Geraldton,AU,2020-04-20 04:26:44,-28.77,114.6,75.0,46,75,13.87,broken clouds,0.0,0.0
239,Hasaki,JP,2020-04-20 04:26:44,35.73,140.83,52.0,93,75,6.93,light intensity shower rain,0.0,0.0
240,Neyshabur,IR,2020-04-20 04:26:45,36.21,58.8,60.1,31,0,1.41,clear sky,0.0,0.0
241,Selfoss,IS,2020-04-20 04:26:45,63.93,-21.0,46.4,93,90,24.16,light intensity drizzle,0.0,0.0
242,Porto Velho,BR,2020-04-20 04:24:52,-8.76,-63.9,77.0,94,20,1.72,few clouds,0.0,0.0
243,Saint George,US,2020-04-20 04:26:45,37.1,-113.58,63.0,42,20,17.22,few clouds,0.0,0.0
244,Belyy Yar,RU,2020-04-20 04:26:45,53.6,91.39,57.2,24,4,2.24,clear sky,0.0,0.0
245,Port Hawkesbury,CA,2020-04-20 04:26:46,45.62,-61.35,30.0,77,1,4.0,clear sky,0.0,0.0
246,Trinidad,BO,2020-04-20 04:26:46,-14.83,-64.9,72.25,80,6,2.48,clear sky,0.0,0.0
247,Ucluelet,CA,2020-04-20 04:25:06,48.93,-125.55,51.01,86,15,2.73,few clouds,0.0,0.0
248,Bellingham,US,2020-04-20 04:26:42,48.76,-122.49,53.6,71,90,3.36,overcast clouds,0.0,0.0
249,Shimoda,JP,2020-04-20 04:26:47,34.67,138.95,53.6,93,75,11.41,light intensity shower rain,0.0,0.0
250,Bambous Virieux,MU,2020-04-20 04:26:47,-20.34,57.76,75.2,88,40,11.41,shower rain,0.0,0.0
251,Pisco,PE,2020-04-20 04:26:47,-13.7,-76.22,68.0,82,0,3.36,clear sky,0.0,0.0
252,Jizan,SA,2020-04-20 04:26:48,17.33,42.67,86.0,70,75,4.7,broken clouds,0.0,0.0
253,Tupik,RU,2020-04-20 04:26:48,54.43,119.93,21.76,78,100,18.77,light snow,0.0,0.11
254,Itarema,BR,2020-04-20 04:26:48,-2.92,-39.92,77.07,87,21,1.95,few clouds,0.0,0.0
255,Nemuro,JP,2020-04-20 04:26:49,43.32,145.57,41.0,75,75,13.87,broken clouds,0.0,0.0
256,Lebu,CL,2020-04-20 04:26:49,-37.62,-73.65,55.58,72,100,9.01,overcast clouds,0.0,0.0
257,Ternate,ID,2020-04-20 04:26:49,0.8,127.4,86.85,63,40,4.81,scattered clouds,0.0,0.0
258,Jurm,AF,2020-04-20 04:26:49,36.86,70.83,54.23,27,12,0.72,few clouds,0.0,0.0
259,Alekseyevsk,RU,2020-04-20 04:26:50,57.84,108.35,30.07,76,45,7.27,scattered clouds,0.0,0.0
260,Belaya Gora,RU,2020-04-20 04:26:50,68.53,146.42,16.54,92,84,9.48,broken clouds,0.0,0.0
261,Thompson,CA,2020-04-20 04:26:50,55.74,-97.86,15.8,92,75,4.7,light snow,0.0,0.0
262,Balabac,PH,2020-04-20 04:26:50,7.99,117.06,87.67,64,98,9.57,light rain,0.64,0.0
263,Bilma,NE,2020-04-20 04:26:50,18.69,12.92,82.11,13,88,7.27,overcast clouds,0.0,0.0
264,Santa Rosa,PH,2020-04-20 04:26:51,14.31,121.11,95.0,53,20,9.17,few clouds,0.0,0.0
265,Kruisfontein,ZA,2020-04-20 04:26:51,-34.0,24.73,60.62,74,0,5.37,clear sky,0.0,0.0
266,Khani,GE,2020-04-20 04:26:51,41.96,42.96,57.2,62,56,12.75,broken clouds,0.0,0.0
267,Klaksvik,FO,2020-04-20 04:26:52,62.23,-6.59,42.8,93,1,14.99,clear sky,0.0,0.0
268,Srednekolymsk,RU,2020-04-20 04:26:52,67.45,153.68,16.23,94,100,11.86,light snow,0.0,0.18
269,Asau,RO,2020-04-20 04:26:52,46.43,26.4,41.0,60,86,9.17,light snow,0.0,0.2
270,Yuryevets,RU,2020-04-20 04:26:52,57.32,43.1,34.39,82,46,2.26,scattered clouds,0.0,0.0
271,Cumpas,MX,2020-04-20 04:26:53,29.98,-109.78,67.24,18,17,5.66,few clouds,0.0,0.0
272,Tuy Hoa,VN,2020-04-20 04:26:53,13.08,109.3,86.29,59,66,3.06,broken clouds,0.0,0.0
273,Seymchan,RU,2020-04-20 04:26:53,62.88,152.43,14.54,85,100,11.36,overcast clouds,0.0,0.0
274,Shingu,JP,2020-04-20 04:26:53,33.73,135.98,69.8,73,40,14.99,scattered clouds,0.0,0.0
275,Saint-Augustin,CA,2020-04-20 04:26:54,51.23,-58.65,28.54,98,100,17.11,snow,0.0,3.19
276,Chapada Dos Guimaraes,BR,2020-04-20 04:26:54,-15.46,-55.75,75.2,83,11,2.82,few clouds,0.0,0.0
277,Praia,CV,2020-04-20 04:26:54,14.92,-23.51,69.8,68,20,11.41,few clouds,0.0,0.0
278,Poum,NC,2020-04-20 04:22:11,-20.23,164.02,80.6,76,100,8.79,light rain,0.89,0.0
279,Sao Joao Da Barra,BR,2020-04-20 04:24:47,-21.64,-41.05,69.08,84,99,7.09,overcast clouds,0.0,0.0
280,Cayhagan,PH,2020-04-20 04:26:55,9.67,122.43,86.45,69,32,3.49,scattered clouds,0.0,0.0
281,Dunmore East,IE,2020-04-20 04:26:55,52.15,-6.99,48.0,82,77,4.0,broken clouds,0.0,0.0
282,Bud,US,2020-04-20 04:26:55,39.45,-86.18,51.8,53,40,6.93,scattered clouds,0.0,0.0
283,Alyangula,AU,2020-04-20 04:26:56,-13.85,136.42,95.0,36,29,8.05,scattered clouds,0.0,0.0
284,Sinegorskiy,RU,2020-04-20 04:26:56,48.01,40.84,45.84,67,100,3.38,overcast clouds,0.0,0.0
285,Dudinka,RU,2020-04-20 04:26:56,69.41,86.18,37.4,69,100,29.08,overcast clouds,0.0,0.0
286,Teeli,RU,2020-04-20 04:26:57,51.03,90.23,47.86,32,0,1.83,clear sky,0.0,0.0
287,Kyra,RU,2020-04-20 04:22:27,49.58,111.98,26.44,55,73,16.53,broken clouds,0.0,0.0
288,Vydrino,RU,2020-04-20 04:26:57,51.48,104.85,30.56,71,92,5.84,light snow,0.0,0.25
289,Upernavik,GL,2020-04-20 04:26:57,72.79,-56.15,23.4,88,66,47.96,light snow,0.0,0.27
290,Husavik,IS,2020-04-20 04:26:58,66.04,-17.34,44.6,70,3,21.92,clear sky,0.0,0.0
291,Ormara,PK,2020-04-20 04:26:58,25.21,64.64,79.81,75,35,9.98,scattered clouds,0.0,0.0
292,Huanren,CN,2020-04-20 04:26:58,41.26,125.37,42.94,80,100,6.42,moderate rain,4.65,0.0
293,Skowhegan,US,2020-04-20 04:26:58,44.77,-69.72,46.99,75,92,1.01,light rain,0.12,0.0
294,Pampa,US,2020-04-20 04:26:59,35.54,-100.96,59.0,67,1,11.41,clear sky,0.0,0.0
295,Miri,MY,2020-04-20 04:26:59,4.41,114.01,91.0,79,75,6.93,broken clouds,0.0,0.0
296,Beitbridge,ZW,2020-04-20 04:26:59,-22.22,30.0,61.3,65,0,7.36,clear sky,0.0,0.0
297,Constantine,DZ,2020-04-20 04:26:59,36.37,6.61,57.2,93,75,4.7,broken clouds,0.0,0.0
298,Nolinsk,RU,2020-04-20 04:27:00,57.56,49.94,36.43,78,100,3.91,overcast clouds,0.0,0.0
299,Farafangana,MG,2020-04-20 04:27:00,-22.82,47.83,73.81,79,20,4.59,light rain,1.78,0.0
300,Rocha,UY,2020-04-20 04:27:00,-34.48,-54.33,59.86,83,0,6.62,clear sky,0.0,0.0
301,Rawson,AR,2020-04-20 04:22:27,-43.3,-65.1,60.03,40,41,23.94,scattered clouds,0.0,0.0
302,Monrovia,LR,2020-04-20 04:27:00,6.3,-10.8,78.8,94,40,4.21,scattered clouds,0.0,0.0
303,Gambela,ET,2020-04-20 04:27:01,8.25,34.58,79.41,46,100,3.29,overcast clouds,0.0,0.0
304,Kosa,RU,2020-04-20 04:27:01,59.94,55.0,33.03,86,0,4.92,clear sky,0.0,0.0
305,Jingdezhen,CN,2020-04-20 04:27:01,29.29,117.21,73.35,56,65,1.74,broken clouds,0.0,0.0
306,Chumphon,TH,2020-04-20 04:27:01,10.33,98.83,95.0,53,40,6.93,scattered clouds,0.0,0.0
307,Molina,CL,2020-04-20 04:27:02,-35.12,-71.28,57.2,62,90,4.7,overcast clouds,0.0,0.0
308,Vallenar,CL,2020-04-20 04:27:02,-28.57,-70.76,61.63,59,0,1.54,clear sky,0.0,0.0
309,Nikolskoye,RU,2020-04-20 04:27:02,59.7,30.79,37.4,94,20,4.47,few clouds,0.0,0.0
310,Tilichiki,RU,2020-04-20 04:27:02,60.47,166.1,17.91,90,100,16.71,overcast clouds,0.0,0.0
311,Porbandar,IN,2020-04-20 04:27:03,21.64,69.61,82.71,66,4,9.31,clear sky,0.0,0.0
312,Juneau,US,2020-04-20 04:24:20,58.3,-134.42,53.6,58,40,3.36,scattered clouds,0.0,0.0
313,Teluknaga,ID,2020-04-20 04:27:03,-6.1,106.64,91.4,55,20,10.29,few clouds,0.0,0.0
314,Miguel Auza,MX,2020-04-20 04:27:03,24.29,-103.45,66.96,12,39,11.95,scattered clouds,0.0,0.0
315,Aleksandrov Gay,RU,2020-04-20 04:27:04,50.15,48.57,44.96,62,78,2.71,broken clouds,0.0,0.0
316,Mankato,US,2020-04-20 04:27:04,44.16,-94.0,42.8,38,1,5.82,clear sky,0.0,0.0
317,Yuksekova,TR,2020-04-20 04:27:04,37.57,44.29,53.6,58,20,6.93,few clouds,0.0,0.0
318,Mount Gambier,AU,2020-04-20 04:27:04,-37.83,140.77,64.4,55,75,17.22,broken clouds,0.0,0.0
319,Rundu,NA,2020-04-20 04:27:05,-17.93,19.77,60.8,87,38,3.36,scattered clouds,0.0,0.0
320,Miragoane,HT,2020-04-20 04:27:05,18.44,-73.09,79.81,73,4,5.91,clear sky,0.0,0.0
321,Nantucket,US,2020-04-20 04:27:05,41.28,-70.1,48.0,81,75,19.46,broken clouds,0.0,0.0
322,Inuvik,CA,2020-04-20 04:27:05,68.35,-133.72,14.0,72,90,9.17,overcast clouds,0.0,0.0
323,Kavaratti,IN,2020-04-20 04:27:05,10.57,72.64,87.8,66,20,4.7,few clouds,0.0,0.0
324,Deputatskiy,RU,2020-04-20 04:27:06,69.3,139.9,9.95,87,26,6.2,scattered clouds,0.0,0.0
325,Pingliang,CN,2020-04-20 04:27:06,35.54,106.69,49.12,25,100,8.77,overcast clouds,0.0,0.0
326,Dongsheng,CN,2020-04-20 04:27:06,39.82,109.98,38.62,27,0,18.28,clear sky,0.0,0.0
327,Tuatapere,NZ,2020-04-20 04:27:06,-46.13,167.68,55.99,74,16,8.01,few clouds,0.0,0.0
328,Saint-Denis,FR,2020-04-20 04:27:07,48.92,2.33,52.0,76,81,5.82,broken clouds,0.0,0.0
329,Svetlogorsk,BY,2020-04-20 04:27:07,52.63,29.73,30.7,96,0,8.34,clear sky,0.0,0.0
330,Darnah,LY,2020-04-20 04:27:07,32.77,22.64,60.4,65,99,6.78,overcast clouds,0.0,0.0
331,Gursahaiganj,IN,2020-04-20 04:27:07,27.12,79.72,87.12,23,78,1.5,light rain,0.16,0.0
332,Mach,PK,2020-04-20 04:27:08,29.86,67.33,71.44,27,6,4.34,clear sky,0.0,0.0
333,Mwinilunga,ZM,2020-04-20 04:27:08,-11.74,24.43,57.7,64,17,4.97,few clouds,0.0,0.0
334,Lewiston,US,2020-04-20 04:27:08,44.1,-70.21,53.6,54,90,11.41,overcast clouds,0.0,0.0
335,Mount Clemens,US,2020-04-20 04:24:36,42.6,-82.88,36.0,70,1,5.82,clear sky,0.0,0.0
336,Merauke,ID,2020-04-20 04:27:08,-8.47,140.33,89.24,63,22,7.27,light rain,0.16,0.0
337,Jampur,PK,2020-04-20 04:27:09,29.64,70.6,82.51,30,76,16.17,broken clouds,0.0,0.0
338,Road Town,VG,2020-04-20 04:24:43,18.42,-64.62,79.0,83,22,14.0,light rain,0.13,0.0
339,Port Blair,IN,2020-04-20 04:27:09,11.67,92.75,84.47,76,46,9.1,light rain,0.68,0.0
340,Maceio,BR,2020-04-20 04:27:09,-9.67,-35.74,79.05,84,54,10.11,light rain,2.5,0.0
341,Alice Springs,AU,2020-04-20 04:27:09,-23.7,133.88,98.6,14,75,9.17,broken clouds,0.0,0.0
342,Garachine,PA,2020-04-20 04:27:10,8.06,-78.36,79.32,82,100,2.3,overcast clouds,0.0,0.0
343,Nanortalik,GL,2020-04-20 04:27:10,60.14,-45.24,27.81,86,17,6.93,few clouds,0.0,0.0
344,Waddan,LY,2020-04-20 04:27:10,29.16,16.14,74.93,17,100,14.07,overcast clouds,0.0,0.0
345,Berlevag,NO,2020-04-20 04:22:31,70.86,29.09,39.2,78,40,20.8,scattered clouds,0.0,0.0
346,Agaro,ET,2020-04-20 04:27:11,7.85,36.65,60.84,36,98,1.43,overcast clouds,0.0,0.0
347,Dingle,PH,2020-04-20 04:27:11,11.0,122.67,89.37,60,98,13.8,light rain,0.31,0.0
348,Vitim,RU,2020-04-20 04:27:11,59.45,112.56,28.22,86,95,5.32,light snow,0.0,0.11
349,Severo-Yeniseyskiy,RU,2020-04-20 04:27:11,60.37,93.04,35.08,63,92,9.44,overcast clouds,0.0,0.0
350,Trincomalee,LK,2020-04-20 04:27:12,8.57,81.23,86.49,66,40,9.95,light rain,0.12,0.0
351,Luderitz,NA,2020-04-20 04:25:02,-26.65,15.16,59.0,87,8,3.36,clear sky,0.0,0.0
352,Huarmey,PE,2020-04-20 04:27:12,-10.07,-78.15,72.12,75,3,7.45,clear sky,0.0,0.0
353,Mitsamiouli,KM,2020-04-20 04:27:12,-11.38,43.28,82.76,72,50,15.19,light rain,0.23,0.0
354,Meiganga,CM,2020-04-20 04:27:13,6.52,14.3,68.18,71,99,3.71,overcast clouds,0.0,0.0
355,Cidreira,BR,2020-04-20 04:27:13,-30.18,-50.21,66.7,86,0,15.21,clear sky,0.0,0.0
356,Ust-Nera,RU,2020-04-20 04:27:13,64.57,143.2,13.19,78,91,2.86,overcast clouds,0.0,0.0
357,Aklavik,CA,2020-04-20 04:27:13,68.22,-135.01,14.0,72,90,9.17,overcast clouds,0.0,0.0
358,Narsaq,GL,2020-04-20 04:27:13,60.92,-46.05,23.0,49,1,5.82,clear sky,0.0,0.0
359,Saint-Philippe,RE,2020-04-20 04:22:17,-21.36,55.77,78.01,73,40,16.11,scattered clouds,0.0,0.0
360,Vanimo,PG,2020-04-20 04:27:14,-2.67,141.3,81.81,82,100,9.69,moderate rain,6.63,0.0
361,Maragogi,BR,2020-04-20 04:27:14,-9.01,-35.22,78.94,83,25,7.29,light rain,2.32,0.0
362,Mbandaka,CD,2020-04-20 04:27:14,0.05,18.26,72.57,86,100,1.83,overcast clouds,0.0,0.0
363,Apatity,RU,2020-04-20 04:27:15,67.56,33.4,31.77,93,100,4.52,light snow,0.0,0.13
364,Cairns,AU,2020-04-20 04:27:09,-16.92,145.77,90.0,70,43,6.93,scattered clouds,0.0,0.0
365,Presidencia Roque Saenz Pena,AR,2020-04-20 04:27:15,-26.79,-60.44,63.95,61,0,4.03,clear sky,0.0,0.0
366,Hambantota,LK,2020-04-20 04:27:15,6.12,81.12,89.6,79,20,13.87,few clouds,0.0,0.0
367,Ushtobe,KZ,2020-04-20 04:27:16,45.25,77.98,62.74,31,0,11.72,clear sky,0.0,0.0
368,Bam,IR,2020-04-20 04:27:16,29.11,58.36,70.43,33,100,2.37,overcast clouds,0.0,0.0
369,Cabo San Lucas,MX,2020-04-20 04:25:03,22.89,-109.91,70.0,68,26,9.98,scattered clouds,0.0,0.0
370,Khasan,RU,2020-04-20 04:27:16,42.43,130.64,42.53,89,100,8.1,light rain,0.43,0.0
371,Bautzen,DE,2020-04-20 04:22:18,51.18,14.43,37.0,66,0,1.01,clear sky,0.0,0.0
372,Amapa,BR,2020-04-20 04:27:17,1.0,-52.0,73.18,93,100,2.17,moderate rain,5.44,0.0
373,Notse,TG,2020-04-20 04:27:17,6.95,1.17,77.07,82,98,3.74,overcast clouds,0.0,0.0
374,Kutum,SD,2020-04-20 04:25:50,14.2,24.67,61.48,19,100,4.03,overcast clouds,0.0,0.0
375,Bandarbeyla,SO,2020-04-20 04:27:17,9.49,50.81,81.79,71,83,3.4,broken clouds,0.0,0.0
376,Kavali,IN,2020-04-20 04:27:18,14.92,79.98,87.57,63,11,12.86,few clouds,0.0,0.0
377,Los Llanos De Aridane,ES,2020-04-20 04:22:40,28.66,-17.92,62.6,67,1,5.82,clear sky,0.0,0.0
378,Smolensk,RU,2020-04-20 04:27:18,55.0,33.0,30.52,95,0,7.23,clear sky,0.0,0.0
379,Adrar,MR,2020-04-20 04:25:12,20.5,-10.07,72.52,20,0,7.61,clear sky,0.0,0.0
380,Mehamn,NO,2020-04-20 04:27:18,71.04,27.85,39.2,79,40,20.8,scattered clouds,0.0,0.0
381,Luau,AO,2020-04-20 04:27:19,-10.71,22.22,61.65,71,41,3.69,scattered clouds,0.0,0.0
382,Mombetsu,JP,2020-04-20 04:27:19,44.35,143.35,53.6,34,75,26.4,broken clouds,0.0,0.0
383,Lata,PT,2020-04-20 04:27:19,40.16,-8.33,51.01,91,100,1.92,overcast clouds,0.0,0.0
384,Camacha,PT,2020-04-20 04:27:19,33.08,-16.33,64.4,77,40,11.41,scattered clouds,0.0,0.0
385,Paracuru,BR,2020-04-20 04:27:20,-3.41,-39.03,80.6,83,20,4.7,few clouds,0.0,0.0
386,Yanam,IN,2020-04-20 04:27:20,16.73,82.22,87.8,66,40,9.17,scattered clouds,0.0,0.0
387,Lingao,CN,2020-04-20 04:27:20,19.91,109.69,81.55,72,54,4.41,broken clouds,0.0,0.0
388,Samana,DO,2020-04-20 04:27:20,19.21,-69.34,75.25,87,2,10.0,clear sky,0.0,0.0
389,Hirara,JP,2020-04-20 04:27:20,24.8,125.28,75.2,78,75,16.11,broken clouds,0.0,0.0
390,Ewa Beach,US,2020-04-20 04:23:08,21.32,-158.01,80.6,61,1,6.93,clear sky,0.0,0.0
391,Kachiry,KZ,2020-04-20 04:27:21,53.07,76.1,64.45,42,48,5.35,scattered clouds,0.0,0.0
392,Katobu,ID,2020-04-20 04:27:21,-4.94,122.53,89.13,52,27,2.86,scattered clouds,0.0,0.0
393,Starogard Gdanski,PL,2020-04-20 04:27:21,53.96,18.53,37.99,92,0,4.7,clear sky,0.0,0.0
394,Severo-Kurilsk,RU,2020-04-20 04:27:22,50.68,156.12,31.71,92,52,9.17,broken clouds,0.0,0.0
395,Greenville,US,2020-04-20 04:24:47,35.61,-77.37,64.99,93,40,6.31,scattered clouds,0.0,0.0
396,Atouguia Da Baleia,PT,2020-04-20 04:27:23,39.34,-9.33,57.0,80,100,5.99,light rain,0.11,0.0
397,Rena,NO,2020-04-20 04:27:23,61.13,11.36,32.0,77,2,3.0,clear sky,0.0,0.0
398,Victoria,HK,2020-04-20 04:24:16,22.29,114.16,86.0,76,22,10.0,few clouds,0.0,0.0
399,Hvolsvollur,IS,2020-04-20 04:27:23,63.75,-20.22,45.0,99,89,18.01,overcast clouds,0.0,0.0
400,Kampot,KH,2020-04-20 04:27:23,10.62,104.18,91.4,63,40,3.36,scattered clouds,0.0,0.0
401,Troitsko-Pechorsk,RU,2020-04-20 04:27:24,62.71,56.2,34.74,93,100,5.7,overcast clouds,0.0,0.0
402,Mabaruma,GY,2020-04-20 04:27:24,8.2,-59.78,74.84,91,78,4.7,broken clouds,0.0,0.0
403,Komsomolskiy,UZ,2020-04-20 04:27:24,40.43,71.72,71.6,30,4,2.24,clear sky,0.0,0.0
404,Worland,US,2020-04-20 04:27:24,44.02,-107.96,37.4,64,1,3.36,clear sky,0.0,0.0
405,Silistra,BG,2020-04-20 04:27:25,44.12,27.27,50.0,87,75,11.41,broken clouds,0.0,0.0
406,Sorong,ID,2020-04-20 04:27:25,-0.88,131.25,88.63,68,10,0.51,light rain,0.94,0.0
407,Ampanihy,MG,2020-04-20 04:27:25,-24.7,44.75,67.84,79,0,10.31,clear sky,0.0,0.0
408,Prince Rupert,CA,2020-04-20 04:27:26,54.32,-130.32,46.4,81,90,8.05,overcast clouds,0.0,0.0
409,Ilulissat,GL,2020-04-20 04:25:48,69.22,-51.1,24.8,58,100,29.97,light shower snow,0.0,0.0
410,Mezen,RU,2020-04-20 04:27:26,65.85,44.24,30.2,98,76,4.29,light snow,0.0,0.13
411,Solnechnyy,RU,2020-04-20 04:27:27,50.72,136.63,30.6,83,100,7.72,overcast clouds,0.0,0.0
412,Tabou,CI,2020-04-20 04:27:27,4.42,-7.35,79.88,86,100,4.79,light rain,0.82,0.0
413,Matara,LK,2020-04-20 04:27:27,5.95,80.54,84.72,73,1,8.21,clear sky,0.0,0.0
414,Rudnyy,KZ,2020-04-20 04:25:37,52.96,63.12,53.6,50,100,6.71,light rain,0.57,0.0
415,Kamarion,GR,2020-04-20 04:27:27,36.8,25.82,61.0,59,14,5.01,few clouds,0.0,0.0
416,Sawai Madhopur,IN,2020-04-20 04:27:28,25.98,76.37,85.48,20,38,8.57,scattered clouds,0.0,0.0
417,Petukhovo,RU,2020-04-20 04:27:28,55.07,67.9,46.87,60,100,4.7,overcast clouds,0.0,0.0
418,Bulolo,PG,2020-04-20 04:27:28,-7.2,146.65,83.91,50,83,1.12,light rain,0.75,0.0
419,Isaka,TZ,2020-04-20 04:27:29,-3.9,32.93,64.02,67,97,0.92,light rain,0.2,0.0
420,Port-Gentil,GA,2020-04-20 04:27:29,-0.72,8.78,79.81,83,100,3.0,light rain,0.68,0.0
421,Sibolga,ID,2020-04-20 04:27:29,1.74,98.78,87.8,56,51,2.59,broken clouds,0.0,0.0
422,Kapuskasing,CA,2020-04-20 04:27:30,49.42,-82.43,14.0,47,5,5.82,clear sky,0.0,0.0
423,Batagay-Alyta,RU,2020-04-20 04:27:30,67.8,130.41,25.43,87,34,4.7,scattered clouds,0.0,0.0
424,Yining,CN,2020-04-20 04:27:30,29.04,114.56,64.22,71,100,4.61,overcast clouds,0.0,0.0
425,Opuwo,NA,2020-04-20 04:23:33,-18.06,13.84,69.89,51,99,6.78,light rain,0.34,0.0
426,Fortuna,US,2020-04-20 04:23:24,40.6,-124.16,52.0,87,90,6.93,overcast clouds,0.0,0.0
427,Ukiah,US,2020-04-20 04:27:31,39.15,-123.21,53.6,66,1,4.7,clear sky,0.0,0.0
428,Tambacounda,SN,2020-04-20 04:27:31,13.75,-13.76,89.6,22,100,11.41,overcast clouds,0.0,0.0
429,Sao Filipe,CV,2020-04-20 04:27:32,14.9,-24.5,71.49,72,1,16.69,clear sky,0.0,0.0
430,Vanderhoof,CA,2020-04-20 04:27:32,54.02,-124.02,53.83,60,0,5.91,clear sky,0.0,0.0
431,Salinas,US,2020-04-20 04:27:32,36.68,-121.66,57.2,67,75,10.29,broken clouds,0.0,0.0
432,Penzance,GB,2020-04-20 04:27:32,50.12,-5.54,53.01,76,100,16.11,overcast clouds,0.0,0.0
433,Burnie,AU,2020-04-20 04:22:37,-41.07,145.92,61.0,49,40,15.01,light rain,1.42,0.0
434,Kantemirovka,RU,2020-04-20 04:27:33,49.71,39.86,40.95,82,97,6.49,overcast clouds,0.0,0.0
435,Skeldon,GY,2020-04-20 04:27:33,5.88,-57.13,78.04,89,100,11.41,moderate rain,6.49,0.0
436,Ovsyanka,RU,2020-04-20 04:27:33,55.96,92.55,50.0,18,7,17.9,clear sky,0.0,0.0
437,Badulla,LK,2020-04-20 04:27:33,6.99,81.06,77.2,61,1,4.05,clear sky,0.0,0.0
438,Ndende,GA,2020-04-20 04:27:34,-2.4,11.36,73.33,92,96,0.83,overcast clouds,0.0,0.0
439,Itupiranga,BR,2020-04-20 04:27:34,-5.13,-49.33,78.8,100,86,5.82,light rain,0.51,0.0
440,Cabedelo,BR,2020-04-20 04:25:12,-6.98,-34.83,77.0,94,20,3.36,few clouds,0.0,0.0
441,Minab,IR,2020-04-20 04:27:34,27.15,57.08,80.6,65,20,4.7,few clouds,0.0,0.0
442,Comodoro Rivadavia,AR,2020-04-20 04:23:00,-45.87,-67.5,50.0,57,0,18.34,clear sky,0.0,0.0
443,Anuradhapura,LK,2020-04-20 04:27:35,8.36,80.42,85.06,65,16,9.37,few clouds,0.0,0.0
444,Dabat,ET,2020-04-20 04:27:35,12.98,37.77,58.62,16,98,0.69,overcast clouds,0.0,0.0
445,Homer,US,2020-04-20 04:27:36,59.64,-151.55,46.4,70,90,6.93,overcast clouds,0.0,0.0
446,Changji,CN,2020-04-20 04:27:36,44.02,87.32,66.2,32,0,8.95,clear sky,0.0,0.0
447,Mogadishu,SO,2020-04-20 04:27:36,2.04,45.34,82.51,74,99,11.43,light rain,2.15,0.0
448,Kouango,CF,2020-04-20 04:27:36,4.99,19.96,71.87,76,91,3.51,overcast clouds,0.0,0.0
449,Korla,CN,2020-04-20 04:27:37,41.76,86.15,63.23,22,85,2.28,overcast clouds,0.0,0.0
450,Gat,IL,2020-04-20 04:27:00,31.61,34.76,64.0,19,0,1.01,clear sky,0.0,0.0
451,Fort Payne,US,2020-04-20 04:27:38,34.44,-85.72,55.4,93,90,4.7,moderate rain,0.0,0.0
452,Port Hedland,AU,2020-04-20 04:27:38,-20.32,118.57,95.0,50,75,11.41,broken clouds,0.0,0.0
453,Cayenne,GF,2020-04-20 04:27:38,4.93,-52.33,77.0,100,100,10.09,moderate rain,5.95,0.0
454,Luena,AO,2020-04-20 04:27:39,-11.78,19.92,60.04,65,63,3.62,broken clouds,0.0,0.0
455,San Francisco Del Mar,MX,2020-04-20 04:27:39,16.23,-94.65,83.01,75,6,7.56,clear sky,0.0,0.0
456,San Cristobal,VE,2020-04-20 04:27:39,7.77,-72.22,67.6,63,98,1.95,light rain,0.7,0.0
457,Pocone,BR,2020-04-20 04:27:40,-16.26,-56.62,73.71,85,86,2.04,overcast clouds,0.0,0.0
458,Labuan,MY,2020-04-20 04:27:40,5.28,115.24,89.6,70,75,4.7,broken clouds,0.0,0.0
459,Nieuw Amsterdam,SR,2020-04-20 04:27:40,5.88,-55.08,75.2,94,40,5.82,scattered clouds,0.0,0.0
460,Murchison,NZ,2020-04-20 04:27:40,-41.8,172.33,55.4,65,64,4.43,light rain,0.96,0.0
461,Westport,US,2020-04-20 04:27:04,41.14,-73.36,55.0,62,75,10.29,broken clouds,0.0,0.0
462,Xichang,CN,2020-04-20 04:27:41,27.9,102.26,73.0,24,29,5.55,scattered clouds,0.0,0.0
463,Nanakuli,US,2020-04-20 04:27:41,21.39,-158.15,80.6,78,90,6.93,overcast clouds,0.0,0.0
464,Excelsior Springs,US,2020-04-20 04:27:42,39.34,-94.23,54.0,81,1,6.17,clear sky,0.0,0.0
465,Manicore,BR,2020-04-20 04:27:42,-5.81,-61.3,77.0,94,40,1.12,scattered clouds,0.0,0.0
466,Gafargaon,BD,2020-04-20 04:27:42,24.43,90.57,80.6,69,75,13.87,haze,0.0,0.0
467,Harper,LR,2020-04-20 04:27:43,4.38,-7.72,80.53,84,100,4.99,light rain,0.58,0.0
468,Keffi,NG,2020-04-20 04:27:43,8.85,7.87,76.48,73,100,1.92,overcast clouds,0.0,0.0
469,Torquay,GB,2020-04-20 04:27:43,50.46,-3.51,48.0,7,100,7.0,overcast clouds,0.0,0.0
470,Dubbo,AU,2020-04-20 04:27:43,-32.25,148.62,69.8,40,95,12.75,overcast clouds,0.0,0.0
471,Qom,IR,2020-04-20 04:27:43,34.64,50.88,65.71,40,56,0.31,broken clouds,0.0,0.0
472,Yerbogachen,RU,2020-04-20 04:27:44,61.28,108.01,30.92,79,0,3.96,clear sky,0.0,0.0
473,Puerto Escondido,MX,2020-04-20 04:22:54,15.85,-97.07,78.98,71,17,1.54,few clouds,0.0,0.0
474,Itarantim,BR,2020-04-20 04:27:44,-15.66,-40.07,68.14,87,87,2.86,overcast clouds,0.0,0.0
475,Diego De Almagro,CL,2020-04-20 04:27:44,-26.37,-70.05,57.87,49,0,0.13,clear sky,0.0,0.0
476,Sironj,IN,2020-04-20 04:27:44,24.1,77.7,87.46,16,100,1.23,overcast clouds,0.0,0.0
477,Atar,MR,2020-04-20 04:27:45,20.52,-13.05,69.15,22,0,8.34,clear sky,0.0,0.0
478,Port-Cartier,CA,2020-04-20 04:27:45,50.03,-66.87,30.99,86,90,9.17,overcast clouds,0.0,0.0
479,Porto Walter,BR,2020-04-20 04:27:45,-8.27,-72.74,69.1,66,0,2.17,clear sky,0.0,0.0
480,Buin,CL,2020-04-20 04:23:38,-33.73,-70.75,64.4,68,4,0.67,clear sky,0.0,0.0
481,Buraydah,SA,2020-04-20 04:23:08,26.33,43.98,69.8,60,75,13.87,broken clouds,0.0,0.0
482,Innisfail,AU,2020-04-20 04:27:46,-17.53,146.03,82.99,64,56,1.01,broken clouds,0.0,0.0
483,Guarapari,BR,2020-04-20 04:27:46,-20.67,-40.5,73.0,88,65,4.7,broken clouds,0.0,0.0
484,Kabompo,ZM,2020-04-20 04:27:47,-13.59,24.2,58.87,70,3,4.34,clear sky,0.0,0.0
485,Paamiut,GL,2020-04-20 04:22:59,61.99,-49.67,22.57,84,9,12.8,clear sky,0.0,0.0
486,Morehead,US,2020-04-20 04:27:47,37.27,-87.18,50.0,100,1,4.94,clear sky,0.0,0.0
487,Constitucion,CL,2020-04-20 04:27:47,-35.33,-72.42,56.53,67,96,9.28,overcast clouds,0.0,0.0
488,Svetlyy,RU,2020-04-20 04:27:48,54.67,20.13,39.2,80,0,8.95,clear sky,0.0,0.0
489,Rumonge,BI,2020-04-20 04:27:48,-3.97,29.44,70.11,60,85,2.17,light rain,0.3,0.0
490,Coahuayana,MX,2020-04-20 04:27:48,18.73,-103.68,73.35,82,0,3.44,clear sky,0.0,0.0
491,Erzin,TR,2020-04-20 04:27:48,36.96,36.2,60.01,100,75,2.24,broken clouds,0.0,0.0
492,Demba,CD,2020-04-20 04:27:49,-5.51,22.27,67.01,84,100,1.03,light rain,2.19,0.0
493,Udachnyy,RU,2020-04-20 04:23:53,66.42,112.4,35.6,31,30,4.47,scattered clouds,0.0,0.0
494,Kieta,PG,2020-04-20 04:22:54,-6.22,155.63,83.73,74,95,3.91,light rain,1.66,0.0
495,Lima,PE,2020-04-20 04:24:26,-12.04,-77.03,68.0,82,38,12.75,scattered clouds,0.0,0.0
496,Chimoio,MZ,2020-04-20 04:27:50,-19.12,33.48,62.6,93,75,4.83,broken clouds,0.0,0.0
497,Tutoia,BR,2020-04-20 04:27:50,-2.76,-42.27,78.98,85,53,4.52,broken clouds,0.0,0.0
498,Port Lincoln,AU,2020-04-20 04:27:50,-34.73,135.87,62.82,57,93,14.23,overcast clouds,0.0,0.0
499,Hobyo,SO,2020-04-20 04:27:50,5.35,48.53,84.11,74,100,7.49,overcast clouds,0.0,0.0
500,Pevek,RU,2020-04-20 04:23:31,69.7,170.31,12.63,94,100,7.56,light snow,0.0,0.2
501,Ibra,OM,2020-04-20 04:27:51,22.69,58.53,80.67,30,14,1.01,few clouds,0.0,0.0
502,Kajaani,FI,2020-04-20 04:27:51,64.23,27.73,33.8,92,90,4.7,overcast clouds,0.0,0.0
503,Kigoma,TZ,2020-04-20 04:27:51,-4.88,29.63,69.8,100,40,3.53,scattered clouds,0.0,0.0
504,Mollendo,PE,2020-04-20 04:27:52,-17.02,-72.01,68.32,73,59,5.95,broken clouds,0.0,0.0
505,Mareeba,AU,2020-04-20 04:27:52,-17.0,145.43,90.0,66,47,8.99,scattered clouds,0.0,0.0
506,Esil,KZ,2020-04-20 04:27:52,51.96,66.4,58.3,59,72,8.05,broken clouds,0.0,0.0
507,Russell,US,2020-04-20 04:27:53,32.35,-85.2,62.6,93,90,5.17,thunderstorm with rain,0.0,0.0
508,Tiznit,MA,2020-04-20 04:27:53,29.58,-9.5,54.28,71,75,5.73,broken clouds,0.0,0.0
509,Orebro,SE,2020-04-20 04:27:53,59.27,15.21,42.01,69,0,4.7,clear sky,0.0,0.0
510,Ancud,CL,2020-04-20 04:27:53,-41.87,-73.82,42.8,100,65,3.36,light rain,0.25,0.0
511,Ambilobe,MG,2020-04-20 04:27:54,-13.2,49.05,71.08,86,89,4.59,overcast clouds,0.0,0.0
512,Tagusao,PH,2020-04-20 04:27:54,9.19,117.81,86.29,69,78,9.15,light rain,0.61,0.0
513,Rylsk,RU,2020-04-20 04:27:54,51.57,34.68,32.74,87,62,6.78,broken clouds,0.0,0.0
514,Isiro,CD,2020-04-20 04:27:54,2.77,27.62,66.97,79,99,1.79,overcast clouds,0.0,0.0
515,Anadyr,RU,2020-04-20 04:27:55,64.75,177.48,19.4,73,96,6.71,overcast clouds,0.0,0.0
516,Lavrentiya,RU,2020-04-20 04:27:55,65.58,-171.0,19.63,92,100,7.83,overcast clouds,0.0,0.0
517,Phangnga,TH,2020-04-20 04:27:55,8.45,98.53,89.6,66,20,11.41,few clouds,0.0,0.0
518,Fillan,NO,2020-04-20 04:27:55,63.61,8.97,41.0,80,75,4.7,broken clouds,0.0,0.0
519,Nabire,ID,2020-04-20 04:27:55,-3.37,135.48,89.24,61,80,1.92,light rain,0.12,0.0
520,Melnikovo,RU,2020-04-20 04:27:56,56.56,84.08,55.0,40,17,3.76,few clouds,0.0,0.0
521,Watertown,US,2020-04-20 04:26:35,42.37,-71.18,51.8,57,1,3.36,clear sky,0.0,0.0
522,Victoria Point,AU,2020-04-20 04:27:56,-27.58,153.3,84.0,37,4,5.01,clear sky,0.0,0.0
523,Raichur,IN,2020-04-20 04:27:56,16.2,77.37,87.22,33,2,5.21,clear sky,0.0,0.0
524,Luganville,VU,2020-04-20 04:27:57,-15.53,167.17,80.6,78,75,5.82,light thunderstorm,0.0,0.0
525,Sorgun,TR,2020-04-20 04:27:57,39.81,35.19,52.29,31,99,4.52,overcast clouds,0.0,0.0
526,Hamilton,US,2020-04-20 04:27:57,39.18,-84.53,48.0,93,1,3.83,clear sky,0.0,0.0
527,Kuminskiy,RU,2020-04-20 04:27:57,58.67,66.57,43.34,62,0,6.15,clear sky,0.0,0.0
528,Presidente Epitacio,BR,2020-04-20 04:27:58,-21.76,-52.12,67.41,79,4,5.17,clear sky,0.0,0.0
529,Cocobeach,GA,2020-04-20 04:27:58,1.0,9.58,77.0,94,75,5.82,thunderstorm with light rain,0.0,0.0
530,San Rafael,AR,2020-04-20 04:27:58,-34.62,-68.33,63.34,39,12,2.75,few clouds,0.0,0.0
531,Dunedin,NZ,2020-04-20 04:26:06,-45.87,170.5,60.01,43,82,11.59,broken clouds,0.0,0.0
532,Wyndham,US,2020-04-20 04:27:58,37.7,-77.61,55.0,76,20,0.27,few clouds,0.0,0.0
533,Sisimiut,GL,2020-04-20 04:27:59,66.94,-53.67,25.88,89,90,18.84,overcast clouds,0.0,0.0
534,Goderich,CA,2020-04-20 04:27:59,43.75,-81.72,35.01,65,0,11.41,clear sky,0.0,0.0
535,Hualmay,PE,2020-04-20 04:27:59,-11.1,-77.61,70.05,78,6,7.16,clear sky,0.0,0.0
536,Rabo De Peixe,PT,2020-04-20 04:27:59,37.8,-25.58,53.6,66,20,9.17,few clouds,0.0,0.0
537,Ippy,CF,2020-04-20 04:28:00,6.27,21.22,71.91,69,100,3.87,overcast clouds,0.0,0.0
538,Karasburg,NA,2020-04-20 04:28:00,-28.02,18.75,65.17,25,1,1.77,clear sky,0.0,0.0
539,Sheltozero,RU,2020-04-20 04:28:00,61.37,35.37,32.47,95,85,7.54,overcast clouds,0.0,0.0
540,Peace River,CA,2020-04-20 04:28:00,56.25,-117.29,42.8,74,75,4.7,broken clouds,0.0,0.0
541,Sarangani,PH,2020-04-20 04:28:01,5.4,125.46,84.49,76,80,17.38,broken clouds,0.0,0.0
542,Tongzi,CN,2020-04-20 04:28:01,28.78,105.09,66.36,66,86,5.5,light rain,0.16,0.0
543,Zhigansk,RU,2020-04-20 04:28:01,66.77,123.37,23.38,92,98,7.74,overcast clouds,0.0,0.0
544,Luanda,AO,2020-04-20 04:24:07,-8.84,13.23,78.8,94,75,2.24,broken clouds,0.0,0.0
545,Aripuana,BR,2020-04-20 04:28:02,-9.17,-60.63,72.64,93,76,1.36,broken clouds,0.0,0.0
546,Pontecagnano,IT,2020-04-20 04:28:02,40.64,14.87,61.0,82,100,4.0,light rain,1.34,0.0
547,Velizh,RU,2020-04-20 04:28:02,55.61,31.2,29.95,97,22,6.62,few clouds,0.0,0.0
548,Vrangel,RU,2020-04-20 04:28:02,42.73,133.08,40.6,91,100,14.97,light rain,2.03,0.0
549,Tadine,NC,2020-04-20 04:28:03,-21.55,167.88,78.85,81,100,15.26,moderate rain,3.88,0.0
550,Barcelos,PT,2020-04-20 04:23:31,41.54,-8.62,53.6,93,75,4.7,broken clouds,0.0,0.0
551,Jaen,ES,2020-04-20 04:28:03,38.0,-3.5,51.01,90,0,8.01,clear sky,0.0,0.0
552,Kaeo,NZ,2020-04-20 04:28:03,-35.1,173.78,62.01,95,100,1.01,moderate rain,6.23,0.0
553,Warstein,DE,2020-04-20 04:28:03,51.45,8.37,37.0,64,0,3.0,clear sky,0.0,0.0
554,Taltal,CL,2020-04-20 04:28:04,-25.4,-70.48,59.65,74,0,1.23,clear sky,0.0,0.0
555,Puerto Ayacucho,VE,2020-04-20 04:28:04,5.66,-67.62,76.03,82,35,3.51,light rain,0.4,0.0
556,Hede,CN,2020-04-20 04:28:04,33.77,120.25,62.08,62,34,14.07,scattered clouds,0.0,0.0
557,Vagur,FO,2020-04-20 04:28:04,61.47,-6.81,45.91,85,0,16.17,clear sky,0.0,0.0
558,Port Moresby,PG,2020-04-20 04:23:14,-9.44,147.18,87.8,79,40,11.41,scattered clouds,0.0,0.0
559,Pueblo Nuevo,MX,2020-04-20 04:28:05,23.38,-105.38,54.86,45,93,3.09,overcast clouds,0.0,0.0
560,Wajima,JP,2020-04-20 04:28:05,37.4,136.9,55.4,93,75,18.34,broken clouds,0.0,0.0
561,Belmonte,BR,2020-04-20 04:28:05,-15.86,-38.88,71.6,88,60,5.82,light rain,0.2,0.0
562,Visby,SE,2020-04-20 04:23:42,57.64,18.3,43.0,80,79,2.24,broken clouds,0.0,0.0
563,Bahia Blanca,AR,2020-04-20 04:28:06,-38.72,-62.27,62.37,45,100,7.23,overcast clouds,0.0,0.0
564,Tucuma,BR,2020-04-20 04:28:06,-0.18,-50.05,76.62,90,100,2.48,light rain,2.54,0.0
565,Kerman,IR,2020-04-20 04:26:12,30.28,57.08,59.0,62,97,4.7,overcast clouds,0.0,0.0
566,Baykit,RU,2020-04-20 04:28:07,61.67,96.37,35.87,75,6,4.72,clear sky,0.0,0.0
567,Mufumbwe,ZM,2020-04-20 04:28:07,-13.68,24.8,58.24,69,10,4.0,clear sky,0.0,0.0
568,Manutuke,NZ,2020-04-20 04:28:07,-38.68,177.92,66.0,61,100,3.27,overcast clouds,0.0,0.0
